{"count":1,"self":2183.1297024,"total":6030.6527103,"children":{"InitializeActuators":{"count":1,"self":0.0019537,"total":0.0019537,"children":null},"InitializeSensors":{"count":1,"self":0.0019544,"total":0.0019544,"children":null},"AgentSendState":{"count":2500017,"self":288.48614399999997,"total":377.84468269999996,"children":{"CollectObservations":{"count":500004,"self":4.4227896,"total":4.4227894999999995,"children":null},"WriteActionMask":{"count":500004,"self":2.7474364,"total":2.7474363,"children":null},"RequestDecision":{"count":500004,"self":9.4485815999999989,"total":82.1883143,"children":{"AgentInfo.ToProto":{"count":500004,"self":8.260497599999999,"total":72.7397328,"children":{"GenerateSensorData":{"count":500004,"self":48.2560576,"total":64.4792351,"children":{"RayPerceptionSensor.Perceive":{"count":1000008,"self":16.2231776,"total":16.2231773,"children":null}}}}}}}}},"DecideAction":{"count":2500017,"self":3412.9211391999997,"total":3412.9211612999998,"children":null},"AgentAct":{"count":2500017,"self":56.599052799999996,"total":56.743524699999995,"children":{"AgentInfo.ToProto":{"count":978,"self":0.0156479,"total":0.1444734,"children":{"GenerateSensorData":{"count":978,"self":0.097358699999999992,"total":0.12882549999999998,"children":{"RayPerceptionSensor.Perceive":{"count":1956,"self":0.031466799999999996,"total":0.031466799999999996,"children":null}}}}}}},"AgentInfo.ToProto":{"count":24,"self":0,"total":0.0087952,"children":{"GenerateSensorData":{"count":24,"self":0.0068423999999999994,"total":0.0087952,"children":{"RayPerceptionSensor.Perceive":{"count":48,"self":0.0019528,"total":0.0019528,"children":null}}}}}},"gauges":{"DroidBehavior.CumulativeReward":{"count":1002,"max":70,"min":-39,"runningAverage":31.6307354,"value":29,"weightedAverage":32.6278}},"metadata":{"timer_format_version":"0.1.0","start_time_seconds":"1653122806","unity_version":"2020.3.30f1","command_line_arguments":"C:\\Program Files\\Unity\\Hub\\Editor\\Unity 2020.3.30f1\\Editor\\Unity.exe -projectpath C:\\UnityProject\\SolGame_rmit -useHub -hubIPC -cloudEnvironment production -licensingIpc LicenseClient-nguyenhh -hubSessionId 2a388850-d83f-11ec-9669-e751feb2fe5a -accessToken DcIx2ertqPpDf1aDMztUlMAB336Lgp4p3k4anXRJaz400ff","communication_protocol_version":"1.5.0","com.unity.ml-agents_version":"2.0.1","scene_name":"HaiScene","end_time_seconds":"1653128837"}}