{"count":1,"self":3300.9141759999998,"total":7508.5016055999995,"children":{"InitializeActuators":{"count":1,"self":0.045346,"total":0.045346,"children":null},"InitializeSensors":{"count":1,"self":0.0030007,"total":0.0030007,"children":null},"AgentSendState":{"count":2500317,"self":406.7007744,"total":506.132794,"children":{"CollectObservations":{"count":500064,"self":4.5516708,"total":4.5516708,"children":null},"WriteActionMask":{"count":500064,"self":2.4915292,"total":2.4915290999999997,"children":null},"RequestDecision":{"count":500064,"self":8.630884,"total":92.3888194,"children":{"AgentInfo.ToProto":{"count":500064,"self":6.9563336,"total":83.7579354,"children":{"GenerateSensorData":{"count":500064,"self":51.894006399999995,"total":76.8016016,"children":{"RayPerceptionSensor.Perceive":{"count":1500192,"self":24.9075952,"total":24.9075953,"children":null}}}}}}}}},"DecideAction":{"count":2500317,"self":3643.4681855999997,"total":3643.4683431999997,"children":null},"AgentAct":{"count":2500317,"self":57.5183104,"total":57.561870299999995,"children":{"AgentInfo.ToProto":{"count":192,"self":0.0170073,"total":0.043558799999999995,"children":{"GenerateSensorData":{"count":192,"self":0.0180064,"total":0.0265515,"children":{"RayPerceptionSensor.Perceive":{"count":576,"self":0.0085451,"total":0.0085451,"children":null}}}}}}},"AgentInfo.ToProto":{"count":1833,"self":0.0505337,"total":0.3751613,"children":{"GenerateSensorData":{"count":1833,"self":0.22359369999999998,"total":0.32462759999999996,"children":{"RayPerceptionSensor.Perceive":{"count":5499,"self":0.1010339,"total":0.1010339,"children":null}}}}}},"gauges":{"DroidBehavior.CumulativeReward":{"count":2025,"max":117.219994,"min":-96.3602448,"runningAverage":-0.554249942,"value":13.3200426,"weightedAverage":0.609428346}},"metadata":{"timer_format_version":"0.1.0","start_time_seconds":"1654293827","unity_version":"2020.3.30f1","command_line_arguments":"C:\\Program Files\\Unity\\Hub\\Editor\\Unity 2020.3.30f1\\Editor\\Unity.exe -projectpath C:\\UnityProject\\SolGame_rmit -useHub -hubIPC -cloudEnvironment production -licensingIpc LicenseClient-nguyenhh -hubSessionId 9b1d90e0-e142-11ec-8dde-b1c910ea9f82 -accessToken Bm767rVgMFL4T3_ULbHO3npQvF0oddQLDsMAw8Y7_ho00ff","communication_protocol_version":"1.5.0","com.unity.ml-agents_version":"2.0.1","scene_name":"HaiScene","end_time_seconds":"1654301335"}}