{"count":1,"self":2866.0631552,"total":7976.1912962999995,"children":{"InitializeActuators":{"count":1,"self":0.00097649999999999994,"total":0.00097649999999999994,"children":null},"InitializeSensors":{"count":1,"self":0.0029315,"total":0.0029315,"children":null},"AgentSendState":{"count":2500167,"self":343.30373119999996,"total":455.5069431,"children":{"CollectObservations":{"count":500034,"self":5.9064328,"total":5.9064327,"children":null},"WriteActionMask":{"count":500034,"self":2.9559376,"total":2.9559377,"children":null},"RequestDecision":{"count":500034,"self":11.505524,"total":103.34083439999999,"children":{"AgentInfo.ToProto":{"count":500034,"self":10.5604952,"total":91.8353102,"children":{"GenerateSensorData":{"count":500034,"self":62.0865856,"total":81.2748151,"children":{"RayPerceptionSensor.Perceive":{"count":1000068,"self":19.188232,"total":19.188231899999998,"children":null}}}}}}}}},"DecideAction":{"count":2500167,"self":4576.1814527999995,"total":4576.1813031,"children":null},"AgentAct":{"count":2500167,"self":78.2588224,"total":78.417064,"children":{"AgentInfo.ToProto":{"count":944,"self":0.014982299999999999,"total":0.15823969999999998,"children":{"GenerateSensorData":{"count":944,"self":0.1024571,"total":0.1432574,"children":{"RayPerceptionSensor.Perceive":{"count":1888,"self":0.0408003,"total":0.0408003,"children":null}}}}}}},"AgentInfo.ToProto":{"count":61,"self":0.0009998,"total":0.0159733,"children":{"GenerateSensorData":{"count":61,"self":0.011001499999999999,"total":0.014973499999999999,"children":{"RayPerceptionSensor.Perceive":{"count":122,"self":0.003972,"total":0.003972,"children":null}}}}}},"gauges":{"DroidBehavior.CumulativeReward":{"count":1005,"max":75,"min":-59,"runningAverage":33.5134354,"value":28,"weightedAverage":23.31555}},"metadata":{"timer_format_version":"0.1.0","start_time_seconds":"1653129844","unity_version":"2020.3.30f1","command_line_arguments":"C:\\Program Files\\Unity\\Hub\\Editor\\Unity 2020.3.30f1\\Editor\\Unity.exe -projectpath C:\\UnityProject\\SolGame_rmit -useHub -hubIPC -cloudEnvironment production -licensingIpc LicenseClient-nguyenhh -hubSessionId 2a388850-d83f-11ec-9669-e751feb2fe5a -accessToken DcIx2ertqPpDf1aDMztUlMAB336Lgp4p3k4anXRJaz400ff","communication_protocol_version":"1.5.0","com.unity.ml-agents_version":"2.0.1","scene_name":"HaiScene","end_time_seconds":"1653137820"}}