{"count":1,"self":107.931776,"total":119.6538379,"children":{"InitializeActuators":{"count":1,"self":0.0020028,"total":0.0020028,"children":null},"InitializeSensors":{"count":1,"self":0.0069805,"total":0.0069805,"children":null},"AgentSendState":{"count":5745,"self":0.0904019,"total":1.128674,"children":{"GridSensor.Update":{"count":1149,"self":0.94608419999999993,"total":0.94608419999999993,"children":null},"CollectObservations":{"count":1149,"self":0.015233499999999999,"total":0.015233499999999999,"children":null},"WriteActionMask":{"count":1149,"self":0.010804699999999999,"total":0.010804699999999999,"children":null},"RequestDecision":{"count":1149,"self":0.066149699999999992,"total":0.066149699999999992,"children":null}}},"DecideAction":{"count":5745,"self":9.3340136,"total":10.379003299999999,"children":{"GridSensor.Write":{"count":1149,"self":1.0449895999999999,"total":1.0449895999999999,"children":null}}},"AgentAct":{"count":5745,"self":0.1983432,"total":0.1983432,"children":null},"GridSensor.Update":{"count":8,"self":0.0050384,"total":0.0050384,"children":null}},"gauges":{"BehaviorDemo4.CumulativeReward":{"count":8,"max":6.50001335,"min":-5.096009,"runningAverage":0.4537589,"value":6.50001335,"weightedAverage":2.15213656}},"metadata":{"timer_format_version":"0.1.0","start_time_seconds":"1654424128","unity_version":"2020.3.30f1","command_line_arguments":"C:\\Program Files\\Unity\\Hub\\Editor\\2020.3.30f1\\Editor\\Unity.exe -projectpath C:\\Users\\jack\\Documents\\GitHub\\New\\SolGame_rmit -useHub -hubIPC -cloudEnvironment production -licensingIpc LicenseClient-jack -hubSessionId 13479990-e40d-11ec-982e-930a63e733ec -accessToken QGkQ-z9teBJVv2VG2lQoZ4HRZOsF_qEwV7_CLSHNdiI00ff","communication_protocol_version":"1.5.0","com.unity.ml-agents_version":"2.2.1-exp.1","scene_name":"Jiajie_AI_Demo","end_time_seconds":"1654424248"}}