{
    "name": "root",
    "gauges": {
        "DroidBehavior.Policy.Entropy.mean": {
            "value": 0.636272132396698,
            "min": 0.3405899107456207,
            "max": 1.6088736057281494,
            "count": 500
        },
        "DroidBehavior.Policy.Entropy.sum": {
            "value": 636.2721557617188,
            "min": 340.58990478515625,
            "max": 1608.8736572265625,
            "count": 500
        },
        "DroidBehavior.Step.mean": {
            "value": 499967.0,
            "min": 948.0,
            "max": 499967.0,
            "count": 500
        },
        "DroidBehavior.Step.sum": {
            "value": 499967.0,
            "min": 948.0,
            "max": 499967.0,
            "count": 500
        },
        "DroidBehavior.Policy.ExtrinsicValueEstimate.mean": {
            "value": 4.4886274337768555,
            "min": 0.056362003087997437,
            "max": 12.848444938659668,
            "count": 500
        },
        "DroidBehavior.Policy.ExtrinsicValueEstimate.sum": {
            "value": 71.81803894042969,
            "min": 0.901792049407959,
            "max": 205.5751190185547,
            "count": 500
        },
        "DroidBehavior.Environment.EpisodeLength.mean": {
            "value": 499.0,
            "min": 408.0,
            "max": 499.0,
            "count": 500
        },
        "DroidBehavior.Environment.EpisodeLength.sum": {
            "value": 998.0,
            "min": 878.0,
            "max": 1455.0,
            "count": 500
        },
        "DroidBehavior.Environment.CumulativeReward.mean": {
            "value": 29.0,
            "min": -56.75,
            "max": 73.33333333333333,
            "count": 500
        },
        "DroidBehavior.Environment.CumulativeReward.sum": {
            "value": 58.0,
            "min": -113.5,
            "max": 220.0,
            "count": 500
        },
        "DroidBehavior.Policy.ExtrinsicReward.mean": {
            "value": 29.0,
            "min": -56.75,
            "max": 73.33333333333333,
            "count": 500
        },
        "DroidBehavior.Policy.ExtrinsicReward.sum": {
            "value": 58.0,
            "min": -113.5,
            "max": 220.0,
            "count": 500
        },
        "DroidBehavior.IsTraining.mean": {
            "value": 1.0,
            "min": 1.0,
            "max": 1.0,
            "count": 500
        },
        "DroidBehavior.IsTraining.sum": {
            "value": 1.0,
            "min": 1.0,
            "max": 1.0,
            "count": 500
        },
        "DroidBehavior.Losses.PolicyLoss.mean": {
            "value": 0.044237297804405294,
            "min": 0.02767006979168703,
            "max": 0.06889535463415086,
            "count": 241
        },
        "DroidBehavior.Losses.PolicyLoss.sum": {
            "value": 0.044237297804405294,
            "min": 0.02767006979168703,
            "max": 0.06889535463415086,
            "count": 241
        },
        "DroidBehavior.Losses.ValueLoss.mean": {
            "value": 5.195545981327693,
            "min": 2.199377104640007,
            "max": 12.200706283251444,
            "count": 241
        },
        "DroidBehavior.Losses.ValueLoss.sum": {
            "value": 5.195545981327693,
            "min": 2.199377104640007,
            "max": 12.200706283251444,
            "count": 241
        },
        "DroidBehavior.Policy.LearningRate.mean": {
            "value": 1.533699616600002e-06,
            "min": 1.533699616600002e-06,
            "max": 0.00039834880041280003,
            "count": 241
        },
        "DroidBehavior.Policy.LearningRate.sum": {
            "value": 1.533699616600002e-06,
            "min": 1.533699616600002e-06,
            "max": 0.00039834880041280003,
            "count": 241
        },
        "DroidBehavior.Policy.Epsilon.mean": {
            "value": 0.10038340000000001,
            "min": 0.10038340000000001,
            "max": 0.1995872,
            "count": 241
        },
        "DroidBehavior.Policy.Epsilon.sum": {
            "value": 0.10038340000000001,
            "min": 0.10038340000000001,
            "max": 0.1995872,
            "count": 241
        },
        "DroidBehavior.Policy.Beta.mean": {
            "value": 1.1878660000000003e-05,
            "min": 1.1878660000000003e-05,
            "max": 0.00049797728,
            "count": 241
        },
        "DroidBehavior.Policy.Beta.sum": {
            "value": 1.1878660000000003e-05,
            "min": 1.1878660000000003e-05,
            "max": 0.00049797728,
            "count": 241
        }
    },
    "metadata": {
        "timer_format_version": "0.1.0",
        "start_time_seconds": "1653129834",
        "python_version": "3.9.2 (tags/v3.9.2:1a79785, Feb 19 2021, 13:44:55) [MSC v.1928 64 bit (AMD64)]",
        "command_line_arguments": "C:\\Users\\nguyenhh\\AppData\\Local\\Programs\\Python\\Python39\\Scripts\\mlagents-learn config/droid_config.yaml --run-id=DroidBehavior --force",
        "mlagents_version": "0.29.0",
        "mlagents_envs_version": "0.28.0",
        "communication_protocol_version": "1.5.0",
        "pytorch_version": "1.11.0+cpu",
        "numpy_version": "1.20.1",
        "end_time_seconds": "1653137820"
    },
    "total": 7985.3620832999995,
    "count": 1,
    "self": 0.02140389999931358,
    "children": {
        "run_training.setup": {
            "total": 0.12460899999999997,
            "count": 1,
            "self": 0.12460899999999997
        },
        "TrainerController.start_learning": {
            "total": 7985.2160704,
            "count": 1,
            "self": 12.994088600275973,
            "children": {
                "TrainerController._reset_env": {
                    "total": 9.6271957,
                    "count": 1,
                    "self": 9.6271957
                },
                "TrainerController.advance": {
                    "total": 7962.497977499725,
                    "count": 500667,
                    "self": 10.718236800227714,
                    "children": {
                        "env_step": {
                            "total": 7596.504546699699,
                            "count": 500667,
                            "self": 6839.916149699712,
                            "children": {
                                "SubprocessEnvManager._take_step": {
                                    "total": 748.4843800000205,
                                    "count": 500667,
                                    "self": 26.50213540020229,
                                    "children": {
                                        "TorchPolicy.evaluate": {
                                            "total": 721.9822445998182,
                                            "count": 500031,
                                            "self": 155.1865144996857,
                                            "children": {
                                                "TorchPolicy.sample_actions": {
                                                    "total": 566.7957301001325,
                                                    "count": 500031,
                                                    "self": 566.7957301001325
                                                }
                                            }
                                        }
                                    }
                                },
                                "workers": {
                                    "total": 8.104016999966737,
                                    "count": 500667,
                                    "self": 0.0,
                                    "children": {
                                        "worker_root": {
                                            "total": 7957.233740300044,
                                            "count": 500667,
                                            "is_parallel": true,